TicketId,Title,Priority,Assignee,DueDate,HoursLogged
7001,Printer offline on floor 101,Medium,jle,2026-09-11,0.5
7002,VPN drops for user 102,High,mrt,2026-09-12,1
7003,Laptop request for desk 103,Low,pko,2026-09-13,1.5
7004,Mailbox permissions for team 104,Medium,sva,2026-09-14,2
7005,Monitor flickers at desk 105,High,ana,2026-09-15,0
7006,Password reset for contractor 106,Low,jle,2026-09-16,0.5
7007,Badge reader error at door 107,Medium,mrt,2026-09-17,1
7008,Wi-Fi dead zone in room 108,High,pko,2026-09-18,1.5
7009,Shared drive full on server 109,Low,sva,2026-09-19,2
7010,Phone extension 110 not ringing,Medium,ana,2026-09-20,0
7011,Printer offline on floor 111,High,jle,2026-09-21,0.5
7012,VPN drops for user 112,Low,mrt,2026-09-22,1
7013,Laptop request for desk 113,Medium,pko,2026-09-23,1.5
7014,Mailbox permissions for team 114,High,sva,2026-09-24,2
7015,Monitor flickers at desk 115,Low,ana,2026-09-25,0
7016,Password reset for contractor 116,Medium,jle,2026-09-26,0.5
7017,Badge reader error at door 117,High,mrt,2026-09-27,1
7018,Wi-Fi dead zone in room 118,Low,pko,2026-09-28,1.5
7019,Shared drive full on server 119,Medium,sva,2026-09-29,2
7020,Phone extension 120 not ringing,High,ana,2026-09-30,0
7021,Printer offline on floor 121,Low,jle,2026-10-01,0.5
7022,VPN drops for user 122,Medium,mrt,2026-10-02,1
7023,Laptop request for desk 123,High,pko,2026-10-03,1.5
7024,Mailbox permissions for team 124,Low,sva,2026-10-04,2
7025,Monitor flickers at desk 125,Medium,ana,2026-10-05,0
7026,Password reset for contractor 126,High,jle,2026-10-06,0.5
7027,Badge reader error at door 127,Low,mrt,2026-10-07,1
7028,Wi-Fi dead zone in room 128,Medium,pko,2026-10-08,1.5
7029,Shared drive full on server 129,High,sva,2026-10-09,2
7030,Phone extension 130 not ringing,Low,ana,2026-09-10,0
7031,Printer offline on floor 131,Medium,jle,2026-09-11,0.5
7032,VPN drops for user 132,High,mrt,2026-09-12,1
7033,Laptop request for desk 133,Low,pko,2026-09-13,1.5
7034,Mailbox permissions for team 134,Medium,sva,2026-09-14,2
7035,Monitor flickers at desk 135,High,ana,2026-09-15,0
7036,Password reset for contractor 136,Low,jle,2026-09-16,0.5
7037,Badge reader error at door 137,Medium,mrt,2026-09-17,1
7038,Wi-Fi dead zone in room 138,High,pko,2026-09-18,1.5
7039,Shared drive full on server 139,Low,sva,2026-09-19,2
7040,Phone extension 140 not ringing,Medium,ana,2026-09-20,0
7041,Printer offline on floor 141,High,jle,2026-09-21,0.5
7042,VPN drops for user 142,Low,mrt,2026-09-22,1
7043,Laptop request for desk 143,Medium,pko,2026-09-23,1.5
7044,Mailbox permissions for team 144,High,sva,2026-09-24,2
7045,Monitor flickers at desk 145,Low,ana,2026-09-25,0
7046,Password reset for contractor 146,Medium,jle,2026-09-26,0.5
7047,Badge reader error at door 147,High,mrt,2026-09-27,1
7048,Wi-Fi dead zone in room 148,Low,pko,2026-09-28,1.5
7049,Shared drive full on server 149,Medium,sva,2026-09-29,2
7050,Phone extension 150 not ringing,High,ana,2026-09-30,0
7051,Printer offline on floor 151,Low,jle,2026-10-01,0.5
7052,VPN drops for user 152,Medium,mrt,2026-10-02,1
7053,Laptop request for desk 153,High,pko,2026-10-03,1.5
7054,Mailbox permissions for team 154,Low,sva,2026-10-04,2
7055,Monitor flickers at desk 155,Medium,ana,2026-10-05,0
7056,Password reset for contractor 156,High,jle,2026-10-06,0.5
7057,Badge reader error at door 157,Low,mrt,2026-10-07,1
7058,,Medium,pko,2026-10-08,1.5
7059,Shared drive full on server 159,High,sva,2026-10-09,2
7060,Phone extension 160 not ringing,Low,ana,2026-09-10,0
7061,Printer offline on floor 161,Medium,jle,2026-09-11,0.5
7062,VPN drops for user 162,High,mrt,2026-09-12,1
7063,Laptop request for desk 163,Low,pko,2026-09-13,1.5
7064,Mailbox permissions for team 164,Medium,sva,2026-09-14,2
7065,Monitor flickers at desk 165,High,ana,2026-09-15,0
7066,Password reset for contractor 166,Low,jle,2026-09-16,0.5
7067,Badge reader error at door 167,Medium,mrt,2026-09-17,1
7068,Wi-Fi dead zone in room 168,High,pko,2026-09-18,1.5
7069,Shared drive full on server 169,Low,sva,2026-09-19,2
7070,Phone extension 170 not ringing,Medium,ana,2026-09-20,0
7071,Printer offline on floor 171,High,jle,2026-09-21,0.5
7072,VPN drops for user 172,Low,mrt,2026-09-22,1
7073,Laptop request for desk 173,Medium,pko,2026-09-23,1.5
7074,Mailbox permissions for team 174,High,sva,2026-09-24,2
7075,Monitor flickers at desk 175,Low,ana,2026-09-25,0
7076,Password reset for contractor 176,Medium,jle,2026-09-26,0.5
7077,Badge reader error at door 177,High,mrt,2026-09-27,1
7078,Wi-Fi dead zone in room 178,Low,pko,2026-09-28,1.5
7079,Shared drive full on server 179,Medium,sva,2026-09-29,2
7080,Phone extension 180 not ringing,High,ana,2026-09-30,0
7081,Printer offline on floor 181,Low,jle,2026-10-01,0.5
7082,VPN drops for user 182,Medium,mrt,2026-10-02,1
7083,Laptop request for desk 183,High,pko,2026-10-03,1.5
7084,Mailbox permissions for team 184,Low,sva,2026-10-04,2
7085,Monitor flickers at desk 185,Medium,ana,2026-10-05,0
7086,Password reset for contractor 186,High,jle,2026-10-06,0.5
7087,Badge reader error at door 187,Low,mrt,2026-10-07,1
7088,Wi-Fi dead zone in room 188,Medium,pko,2026-10-08,1.5
7089,Shared drive full on server 189,High,sva,2026-10-09,2
7090,Phone extension 190 not ringing,Low,ana,2026-09-10,0
7091,Printer offline on floor 191,Medium,jle,2026-09-11,0.5
7092,VPN drops for user 192,High,mrt,2026-09-12,1
7093,Laptop request for desk 193,Low,pko,2026-09-13,1.5
7094,Mailbox permissions for team 194,Medium,sva,2026-09-14,2
7095,Monitor flickers at desk 195,High,ana,2026-09-15,0
7096,Password reset for contractor 196,Low,jle,2026-09-16,0.5
7097,Badge reader error at door 100,Medium,mrt,2026-09-17,1
7098,Wi-Fi dead zone in room 101,High,pko,2026-09-18,1.5
7099,Shared drive full on server 102,Low,sva,2026-09-19,2
7100,Phone extension 103 not ringing,Medium,ana,2026-09-20,0
7101,Printer offline on floor 104,High,jle,2026-09-21,0.5
7102,VPN drops for user 105,Low,mrt,2026-09-22,1
7103,Laptop request for desk 106,Medium,pko,2026-09-23,1.5
7104,Mailbox permissions for team 107,High,sva,2026-09-24,2
7105,Monitor flickers at desk 108,Low,ana,2026-09-25,0
7106,Password reset for contractor 109,Medium,jle,2026-09-26,0.5
7107,Badge reader error at door 110,High,mrt,2026-09-27,1
7108,Wi-Fi dead zone in room 111,Low,pko,2026-09-28,1.5
7109,Shared drive full on server 112,Medium,sva,2026-09-29,2
7110,Phone extension 113 not ringing,High,ana,2026-09-30,0
7111,Printer offline on floor 114,Low,jle,2026-10-01,0.5
7112,VPN drops for user 115,Medium,mrt,2026-10-02,1
7113,Laptop request for desk 116,High,pko,2026-10-03,1.5
7114,Mailbox permissions for team 117,Low,sva,2026-10-04,2
7115,Monitor flickers at desk 118,Medium,ana,2026-10-05,0
7116,Password reset for contractor 119,High,jle,2026-10-06,0.5
7117,Badge reader error at door 120,Low,mrt,2026-10-07,1
7118,Wi-Fi dead zone in room 121,Medium,pko,2026-10-08,1.5
7119,Shared drive full on server 122,High,sva,2026-10-09,2
7120,Phone extension 123 not ringing,Low,ana,2026-09-10,0
7121,Printer offline on floor 124,Medium,jle,2026-09-11,0.5
7122,VPN drops for user 125,High,mrt,2026-09-12,1
7123,Laptop request for desk 126,Low,pko,2026-09-13,1.5
7124,Mailbox permissions for team 127,Medium,sva,2026-09-14,2
7125,Monitor flickers at desk 128,High,ana,2026-09-15,0
7126,Password reset for contractor 129,Low,jle,2026-09-16,0.5
7127,Badge reader error at door 130,Medium,mrt,2026-09-17,1
7128,Wi-Fi dead zone in room 131,High,pko,2026-09-18,1.5
7129,Shared drive full on server 132,Low,sva,2026-09-19,2
7130,Phone extension 133 not ringing,Medium,ana,2026-09-20,0
7131,Printer offline on floor 134,High,jle,2026-09-21,0.5
7132,VPN drops for user 135,Low,mrt,2026-09-22,1
7133,Laptop request for desk 136,Medium,pko,2026-09-23,1.5
7134,Mailbox permissions for team 137,High,sva,2026-09-24,2
7135,Monitor flickers at desk 138,Low,ana,2026-09-25,0
7136,Password reset for contractor 139,Medium,jle,2026-09-26,0.5
7137,Badge reader error at door 140,High,mrt,2026-09-27,1
7138,Wi-Fi dead zone in room 141,Low,pko,2026-09-28,1.5
7139,Shared drive full on server 142,Medium,sva,2026-09-29,2
7140,Phone extension 143 not ringing,High,ana,2026-09-30,0
7141,Printer offline on floor 144,Low,jle,2026-10-01,0.5
7142,VPN drops for user 145,Medium,mrt,2026-10-02,1
7143,Laptop request for desk 146,High,pko,2026-10-03,1.5
7144,Mailbox permissions for team 147,Low,sva,2026-10-04,2
7145,Monitor flickers at desk 148,Medium,ana,2026-10-05,0
7146,Password reset for contractor 149,High,jle,2026-10-06,0.5
7147,Badge reader error at door 150,Low,mrt,2026-10-07,1
7148,Wi-Fi dead zone in room 151,Medium,pko,2026-10-08,1.5
7149,Shared drive full on server 152,High,sva,2026-10-09,2
7150,Phone extension 153 not ringing,Low,ana,2026-09-10,0
7151,Printer offline on floor 154,Medium,jle,2026-09-11,0.5
7152,VPN drops for user 155,High,mrt,2026-09-12,1
7153,Laptop request for desk 156,Low,pko,2026-09-13,1.5
7154,Mailbox permissions for team 157,Medium,sva,2026-09-14,2
7155,Monitor flickers at desk 158,High,ana,2026-09-15,0
7156,Password reset for contractor 159,Low,jle,2026-09-16,0.5
7157,Badge reader error at door 160,Medium,mrt,2026-09-17,1
7158,Wi-Fi dead zone in room 161,High,pko,2026-09-18,1.5
7159,Shared drive full on server 162,Low,sva,2026-09-19,2
7160,Phone extension 163 not ringing,Medium,ana,2026-09-20,0
7161,Printer offline on floor 164,High,jle,2026-09-21,0.5
7162,VPN drops for user 165,Low,mrt,2026-09-22,1
7163,Laptop request for desk 166,Medium,pko,2026-09-23,1.5
7164,Mailbox permissions for team 167,High,sva,2026-09-24,2
7165,Monitor flickers at desk 168,Low,ana,2026-09-25,0
7166,Password reset for contractor 169,Medium,jle,2026-09-26,0.5
7167,Badge reader error at door 170,High,mrt,2026-09-27,1
7168,Wi-Fi dead zone in room 171,Low,pko,2026-09-28,1.5
7169,Shared drive full on server 172,Medium,sva,2026-09-29,2
7170,Phone extension 173 not ringing,High,ana,2026-09-30,0
7171,Printer offline on floor 174,Low,jle,2026-10-01,0.5
7172,VPN drops for user 175,Medium,mrt,2026-10-02,1
7173,Laptop request for desk 176,High,pko,2026-10-03,1.5
7174,Mailbox permissions for team 177,Low,sva,2026-10-04,2
7175,Monitor flickers at desk 178,Medium,ana,2026-10-05,0
7176,Password reset for contractor 179,High,jle,2026-10-06,0.5
7177,Badge reader error at door 180,Low,mrt,2026-10-07,1
7178,Wi-Fi dead zone in room 181,Medium,pko,2026-10-08,1.5
7179,Shared drive full on server 182,High,sva,2026-10-09,2
7180,Phone extension 183 not ringing,Low,ana,2026-09-10,0
7181,Printer offline on floor 184,Medium,jle,2026-09-11,0.5
7182,VPN drops for user 185,High,mrt,2026-09-12,1
7183,Laptop request for desk 186,Low,pko,2026-09-13,1.5
7184,Mailbox permissions for team 187,Medium,sva,2026-09-14,2
7185,Monitor flickers at desk 188,High,ana,2026-09-15,0
7186,Password reset for contractor 189,Low,jle,2026-09-16,0.5
7187,Badge reader error at door 190,Medium,mrt,2026-09-17,1
7188,Wi-Fi dead zone in room 191,High,pko,2026-09-18,1.5
7189,Shared drive full on server 192,Low,sva,2026-09-19,2
7190,Phone extension 193 not ringing,Medium,ana,2026-09-20,0
7191,Printer offline on floor 194,High,jle,2026-09-21,0.5
7192,VPN drops for user 195,Low,mrt,2026-09-22,1
7193,Laptop request for desk 196,Medium,pko,2026-09-23,1.5
7194,Mailbox permissions for team 100,High,sva,2026-09-24,2
7195,Monitor flickers at desk 101,Low,ana,2026-09-25,0
7196,Password reset for contractor 102,Medium,jle,2026-09-26,0.5
7197,Badge reader error at door 103,High,mrt,2026-09-27,1
7198,Wi-Fi dead zone in room 104,Low,pko,2026-09-28,1.5
7199,Shared drive full on server 105,Medium,sva,2026-09-29,2
7200,Phone extension 106 not ringing,High,ana,2026-09-30,0
7201,Printer offline on floor 107,Low,jle,2026-10-01,0.5
7202,VPN drops for user 108,Medium,mrt,2026-10-02,1
7203,Laptop request for desk 109,High,pko,2026-10-03,1.5
7204,Mailbox permissions for team 110,Low,sva,2026-10-04,2
7205,Monitor flickers at desk 111,Medium,ana,2026-10-05,0
7206,Password reset for contractor 112,High,jle,2026-10-06,0.5
7207,Badge reader error at door 113,Low,mrt,2026-10-07,1
7208,Wi-Fi dead zone in room 114,Medium,pko,2026-10-08,1.5
7209,Shared drive full on server 115,High,sva,2026-10-09,2
7210,Phone extension 116 not ringing,Low,ana,2026-09-10,0
7211,Printer offline on floor 117,Medium,jle,2026-09-11,0.5
7212,VPN drops for user 118,High,mrt,2026-09-12,1
7213,Laptop request for desk 119,Low,pko,2026-09-13,1.5
7214,Mailbox permissions for team 120,Medium,sva,2026-06-31,2
7215,Monitor flickers at desk 121,High,ana,2026-09-15,0
7216,Password reset for contractor 122,Low,jle,2026-09-16,0.5
7217,Badge reader error at door 123,Medium,mrt,2026-09-17,1
7218,Wi-Fi dead zone in room 124,High,pko,2026-09-18,1.5
7219,Shared drive full on server 125,Low,sva,2026-09-19,2
7220,Phone extension 126 not ringing,Medium,ana,2026-09-20,0
7221,Printer offline on floor 127,High,jle,2026-09-21,0.5
7222,VPN drops for user 128,Low,mrt,2026-09-22,1
7223,Laptop request for desk 129,Medium,pko,2026-09-23,1.5
7224,Mailbox permissions for team 130,High,sva,2026-09-24,2
7225,Monitor flickers at desk 131,Low,ana,2026-09-25,0
7226,Password reset for contractor 132,Medium,jle,2026-09-26,0.5
7227,Badge reader error at door 133,High,mrt,2026-09-27,1
7228,Wi-Fi dead zone in room 134,Low,pko,2026-09-28,1.5
7229,Shared drive full on server 135,Medium,sva,2026-09-29,2
7230,Phone extension 136 not ringing,High,ana,2026-09-30,0
7231,Printer offline on floor 137,Low,jle,2026-10-01,0.5
7232,VPN drops for user 138,Medium,mrt,2026-10-02,1
7233,Laptop request for desk 139,High,pko,2026-10-03,1.5
7234,Mailbox permissions for team 140,Low,sva,2026-10-04,2
7235,Monitor flickers at desk 141,Medium,ana,2026-10-05,0
7236,Password reset for contractor 142,High,jle,2026-10-06,0.5
7237,Badge reader error at door 143,Low,mrt,2026-10-07,1
7238,Wi-Fi dead zone in room 144,Medium,pko,2026-10-08,1.5
7239,Shared drive full on server 145,High,sva,2026-10-09,2
7240,Phone extension 146 not ringing,Low,ana,2026-09-10,0
7241,Printer offline on floor 147,Medium,jle,2026-09-11,0.5
7242,VPN drops for user 148,High,mrt,2026-09-12,1
7243,Laptop request for desk 149,Low,pko,2026-09-13,1.5
7244,Mailbox permissions for team 150,Medium,sva,2026-09-14,2
7245,Monitor flickers at desk 151,High,ana,2026-09-15,0
7246,Password reset for contractor 152,Low,jle,2026-09-16,0.5
7247,Badge reader error at door 153,Medium,mrt,2026-09-17,1
7248,Wi-Fi dead zone in room 154,High,pko,2026-09-18,1.5
7249,Shared drive full on server 155,Low,sva,2026-09-19,2
7250,Phone extension 156 not ringing,Medium,ana,2026-09-20,0
7251,Printer offline on floor 157,High,jle,2026-09-21,0.5
7252,VPN drops for user 158,Low,mrt,2026-09-22,1
7253,Laptop request for desk 159,Medium,pko,2026-09-23,1.5
7254,Mailbox permissions for team 160,High,sva,2026-09-24,2
7255,Monitor flickers at desk 161,Low,ana,2026-09-25,0
7256,Password reset for contractor 162,Medium,jle,2026-09-26,0.5
7257,Badge reader error at door 163,High,mrt,2026-09-27,1
7258,Wi-Fi dead zone in room 164,Low,pko,2026-09-28,1.5
7259,Shared drive full on server 165,Medium,sva,2026-09-29,2
7260,Phone extension 166 not ringing,High,ana,2026-09-30,0
7261,Printer offline on floor 167,Low,jle,2026-10-01,0.5
7262,VPN drops for user 168,Medium,mrt,2026-10-02,1
7263,Laptop request for desk 169,High,pko,2026-10-03,1.5
7264,Mailbox permissions for team 170,Low,sva,2026-10-04,2
7265,Monitor flickers at desk 171,Medium,ana,2026-10-05,0
7266,Password reset for contractor 172,High,jle,2026-10-06,0.5
7267,Badge reader error at door 173,Low,mrt,2026-10-07,1
7268,Wi-Fi dead zone in room 174,Medium,pko,2026-10-08,1.5
7269,Shared drive full on server 175,High,sva,2026-10-09,2
7270,Phone extension 176 not ringing,Low,ana,2026-09-10,0
7271,Printer offline on floor 177,Medium,jle,2026-09-11,0.5
7272,VPN drops for user 178,High,mrt,2026-09-12,1
7273,Laptop request for desk 179,Low,pko,2026-09-13,1.5
7274,Mailbox permissions for team 180,Medium,sva,2026-09-14,2
7275,Monitor flickers at desk 181,High,ana,2026-09-15,0
7276,Password reset for contractor 182,Low,jle,2026-09-16,0.5
7277,Badge reader error at door 183,Medium,mrt,2026-09-17,1
7278,Wi-Fi dead zone in room 184,High,pko,2026-09-18,1.5
7279,Shared drive full on server 185,Low,sva,2026-09-19,2
7280,Phone extension 186 not ringing,Medium,ana,2026-09-20,0
7281,Printer offline on floor 187,High,jle,2026-09-21,0.5
7282,VPN drops for user 188,Low,mrt,2026-09-22,1
7283,Laptop request for desk 189,Medium,pko,2026-09-23,1.5
7284,Mailbox permissions for team 190,High,sva,2026-09-24,2
7285,Monitor flickers at desk 191,Low,ana,2026-09-25,0
7286,Password reset for contractor 192,Medium,jle,2026-09-26,0.5
7287,Badge reader error at door 193,High,kbo,2026-09-27,1
7288,Wi-Fi dead zone in room 194,Low,pko,2026-09-28,1.5
7289,Shared drive full on server 195,Medium,sva,2026-09-29,2
7290,Phone extension 196 not ringing,High,ana,2026-09-30,0
7291,Printer offline on floor 100,Low,jle,2026-10-01,0.5
7292,VPN drops for user 101,Medium,mrt,2026-10-02,1
7293,Laptop request for desk 102,High,pko,2026-10-03,1.5
7294,Mailbox permissions for team 103,Low,sva,2026-10-04,2
7295,Monitor flickers at desk 104,Medium,ana,2026-10-05,0
7296,Password reset for contractor 105,High,jle,2026-10-06,0.5
7297,Badge reader error at door 106,Low,mrt,2026-10-07,1
7298,Wi-Fi dead zone in room 107,Medium,pko,2026-10-08,1.5
7299,Shared drive full on server 108,High,sva,2026-10-09,2
7300,Phone extension 109 not ringing,Low,ana,2026-09-10,0
7301,Printer offline on floor 110,Medium,jle,2026-09-11,0.5
7302,VPN drops for user 111,High,mrt,2026-09-12,1
7303,Laptop request for desk 112,Low,pko,2026-09-13,1.5
7304,Mailbox permissions for team 113,Medium,sva,2026-09-14,2
7305,Monitor flickers at desk 114,High,ana,2026-09-15,0
7306,Password reset for contractor 115,Low,jle,2026-09-16,0.5
7307,Badge reader error at door 116,Medium,mrt,2026-09-17,1
7308,Wi-Fi dead zone in room 117,High,pko,2026-09-18,1.5
7309,Shared drive full on server 118,Low,sva,2026-09-19,2
7310,Phone extension 119 not ringing,Medium,ana,2026-09-20,0
7311,Printer offline on floor 120,High,jle,2026-09-21,0.5
7312,VPN drops for user 121,Low,mrt,2026-09-22,1
7313,Laptop request for desk 122,Medium,pko,2026-09-23,1.5
7314,Mailbox permissions for team 123,High,sva,2026-09-24,2
7315,Monitor flickers at desk 124,Low,ana,2026-09-25,0
7316,Password reset for contractor 125,Medium,jle,2026-09-26,0.5
7317,Badge reader error at door 126,High,mrt,2026-09-27,1
7318,Wi-Fi dead zone in room 127,Low,pko,2026-09-28,1.5
7319,Shared drive full on server 128,Medium,sva,2026-09-29,2
7320,Phone extension 129 not ringing,High,ana,2026-09-30,0
7321,Printer offline on floor 130,Low,jle,2026-10-01,0.5
7322,VPN drops for user 131,Medium,mrt,2026-10-02,1
7323,Laptop request for desk 132,High,pko,2026-10-03,1.5
7324,Mailbox permissions for team 133,Low,sva,2026-10-04,2
7325,Monitor flickers at desk 134,Medium,ana,2026-10-05,0
7326,Password reset for contractor 135,High,jle,2026-10-06,0.5
7327,Badge reader error at door 136,Low,mrt,2026-10-07,1
7328,Wi-Fi dead zone in room 137,Medium,pko,2026-10-08,1.5
7329,Shared drive full on server 138,High,sva,2026-10-09,2
7330,Phone extension 139 not ringing,Low,ana,2026-09-10,0
7331,Printer offline on floor 140,Medium,jle,2026-09-11,0.5
7332,VPN drops for user 141,High,mrt,2026-09-12,1
7333,Laptop request for desk 142,Low,pko,2026-09-13,1.5
7334,Mailbox permissions for team 143,Medium,sva,2026-09-14,2
7335,Monitor flickers at desk 144,High,ana,2026-09-15,0
7336,Password reset for contractor 145,Low,jle,2026-09-16,0.5
7337,Badge reader error at door 146,Medium,mrt,2026-09-17,1
7338,Wi-Fi dead zone in room 147,High,pko,2026-09-18,1.5
7339,Shared drive full on server 148,Low,sva,2026-09-19,2
7340,Phone extension 149 not ringing,Medium,ana,2026-09-20,0
7341,Printer offline on floor 150,High,jle,2026-09-21,0.5
7342,VPN drops for user 151,Low,mrt,2026-09-22,1
7343,Laptop request for desk 152,Medium,pko,2026-09-23,1.5
7344,Mailbox permissions for team 153,High,sva,2026-09-24,2
7345,Monitor flickers at desk 154,Low,ana,2026-09-25,0
7346,Password reset for contractor 155,Medium,jle,2026-09-26,0.5
7347,Badge reader error at door 156,High,mrt,2026-09-27,1
7348,Wi-Fi dead zone in room 157,Low,pko,2026-09-28,1.5
7349,Shared drive full on server 158,Medium,sva,2026-09-29,2
7350,Phone extension 159 not ringing,High,ana,2026-09-30,0
7351,Printer offline on floor 160,Low,jle,2026-10-01,0.5
7352,VPN drops for user 161,Medium,mrt,2026-10-02,1
7353,Laptop request for desk 162,High,pko,2026-10-03,1.5
7354,Mailbox permissions for team 163,Low,sva,2026-10-04,2
7355,Monitor flickers at desk 164,Medium,ana,2026-10-05,0
7356,Password reset for contractor 165,High,jle,2026-10-06,0.5
7357,Badge reader error at door 166,Low,mrt,2026-10-07,1
7358,Wi-Fi dead zone in room 167,Medium,pko,2026-10-08,1.5
7359,Shared drive full on server 168,High,sva,2026-10-09,2
7360,Phone extension 169 not ringing,Low,ana,2026-09-10,0
7361,Printer offline on floor 170,Medium,jle,2026-09-11,0.5
7362,VPN drops for user 171,High,mrt,2026-09-12,1
7363,Laptop request for desk 172,Low,pko,2026-09-13,1.5
7364,Mailbox permissions for team 173,Medium,sva,2026-09-14,2
7365,Monitor flickers at desk 174,High,ana,2026-09-15,0
7366,Password reset for contractor 175,Low,jle,2026-09-16,0.5
7367,Badge reader error at door 176,Medium,mrt,2026-09-17,1
7368,Wi-Fi dead zone in room 177,High,pko,2026-09-18,1.5
7369,Shared drive full on server 178,Low,sva,2026-09-19,2
7370,Phone extension 179 not ringing,Medium,ana,2026-09-20,0
7371,Printer offline on floor 180,High,jle,2026-09-21,0.5
7372,VPN drops for user 181,Low,mrt,2026-09-22,1
7373,Laptop request for desk 182,Medium,pko,2026-09-23,1.5
7374,Mailbox permissions for team 183,High,sva,2026-09-24,2
7375,Monitor flickers at desk 184,Low,ana,2026-09-25,0
7376,Password reset for contractor 185,Medium,jle,2026-09-26,0.5
7377,Badge reader error at door 186,High,mrt,2026-09-27,1
7378,Wi-Fi dead zone in room 187,Low,pko,2026-09-28,1.5
7379,Shared drive full on server 188,Medium,sva,2026-09-29,2
7380,Phone extension 189 not ringing,High,ana,2026-09-30,0
7381,Printer offline on floor 190,Low,jle,2026-10-01,0.5
7382,VPN drops for user 191,Medium,mrt,2026-10-02,1
7383,Laptop request for desk 192,High,pko,2026-10-03,1.5
7384,Mailbox permissions for team 193,Low,sva,2026-10-04,2
7385,Monitor flickers at desk 194,Medium,ana,2026-10-05,0
7386,Password reset for contractor 195,High,jle,2026-10-06,0.5
7387,Badge reader error at door 196,Low,mrt,2026-10-07,1
7388,Wi-Fi dead zone in room 100,Medium,pko,2026-10-08,1.5
7389,Shared drive full on server 101,High,sva,2026-10-09,2
7390,Phone extension 102 not ringing,Low,ana,2026-09-10,0
7391,Printer offline on floor 103,Medium,jle,2026-09-11,0.5
7392,VPN drops for user 104,High,mrt,2026-09-12,1
7393,Laptop request for desk 105,Low,pko,2026-09-13,1.5
7394,Mailbox permissions for team 106,Medium,sva,2026-09-14,2
7395,Monitor flickers at desk 107,High,ana,2026-09-15,0
7396,Password reset for contractor 108,Low,jle,2026-09-16,0.5
7397,Badge reader error at door 109,Medium,mrt,2026-09-17,1
7398,Wi-Fi dead zone in room 110,High,pko,2026-09-18,1.5
7399,Shared drive full on server 111,Low,sva,2026-09-19,2
7400,Phone extension 112 not ringing,Medium,ana,2026-09-20,0
7401,Printer offline on floor 113,High,jle,2026-09-21,0.5
7402,VPN drops for user 114,Low,mrt,2026-09-22,1
7403,Laptop request for desk 115,Medium,pko,2026-09-23,1.5
7404,Mailbox permissions for team 116,High,sva,2026-09-24,2
7405,Monitor flickers at desk 117,Low,ana,2026-09-25,0
7406,Password reset for contractor 118,Medium,jle,2026-09-26,0.5
7407,Badge reader error at door 119,High,mrt,2026-09-27,1
7408,Wi-Fi dead zone in room 120,Low,pko,2026-09-28,1.5
7409,Shared drive full on server 121,Medium,sva,2026-09-29,2
7410,Phone extension 122 not ringing,High,ana,2026-09-30,0
7411,Printer offline on floor 123,Low,jle,2026-10-01,0.5
7411,VPN drops for user 124,Medium,mrt,2026-10-02,1
7413,Laptop request for desk 125,High,pko,2026-10-03,1.5
7414,Mailbox permissions for team 126,Low,sva,2026-10-04,2
7415,Monitor flickers at desk 127,Medium,ana,2026-10-05,0
7416,Password reset for contractor 128,High,jle,2026-10-06,0.5
7417,Badge reader error at door 129,Low,mrt,2026-10-07,1
7418,Wi-Fi dead zone in room 130,Medium,pko,2026-10-08,1.5
7419,Shared drive full on server 131,High,sva,2026-10-09,2
7420,Phone extension 132 not ringing,Low,ana,2026-09-10,0
7421,Printer offline on floor 133,Medium,jle,2026-09-11,0.5
7422,VPN drops for user 134,High,mrt,2026-09-12,1
7423,Laptop request for desk 135,Low,pko,2026-09-13,1.5
7424,Mailbox permissions for team 136,Medium,sva,2026-09-14,2
7425,Monitor flickers at desk 137,High,ana,2026-09-15,0
7426,Password reset for contractor 138,Low,jle,2026-09-16,0.5
7427,Badge reader error at door 139,Medium,mrt,2026-09-17,1
7428,Wi-Fi dead zone in room 140,High,pko,2026-09-18,1.5
7429,Shared drive full on server 141,Low,sva,2026-09-19,2
7430,Phone extension 142 not ringing,Medium,ana,2026-09-20,0
7431,Printer offline on floor 143,High,jle,2026-09-21,0.5
7432,VPN drops for user 144,Low,mrt,2026-09-22,1
7433,Laptop request for desk 145,Medium,pko,2026-09-23,1.5
7434,Mailbox permissions for team 146,High,sva,2026-09-24,2
7435,Monitor flickers at desk 147,Low,ana,2026-09-25,0
7436,Password reset for contractor 148,Medium,jle,2026-09-26,0.5
7437,Badge reader error at door 149,High,mrt,2026-09-27,1
7438,Wi-Fi dead zone in room 150,Low,pko,2026-09-28,1.5
7439,Shared drive full on server 151,Medium,sva,2026-09-29,2
7440,Phone extension 152 not ringing,High,ana,2026-09-30,0
7441,Printer offline on floor 153,Low,jle,2026-10-01,0.5
7442,VPN drops for user 154,Medium,mrt,2026-10-02,1
7443,Laptop request for desk 155,High,pko,2026-10-03,1.5
7444,Mailbox permissions for team 156,Low,sva,2026-10-04,2
7445,Monitor flickers at desk 157,Medium,ana,2026-10-05,0
7446,Password reset for contractor 158,High,jle,2026-10-06,0.5
7447,Badge reader error at door 159,Low,mrt,2026-10-07,1
7448,Wi-Fi dead zone in room 160,Medium,pko,2026-10-08,1.5
7449,Shared drive full on server 161,High,sva,2026-10-09,2
7450,Phone extension 162 not ringing,Low,ana,2026-09-10,0
7451,Printer offline on floor 163,Medium,jle,2026-09-11,0.5
7452,VPN drops for user 164,High,mrt,2026-09-12,1
7453,Laptop request for desk 165,Low,pko,2026-09-13,1.5
7454,Mailbox permissions for team 166,Medium,sva,2026-09-14,2
7455,Monitor flickers at desk 167,High,ana,2026-09-15,0
7456,Password reset for contractor 168,Low,jle,2026-09-16,0.5
7457,Badge reader error at door 169,Medium,mrt,2026-09-17,1
7458,Wi-Fi dead zone in room 170,High,pko,2026-09-18,1.5
7459,Shared drive full on server 171,Low,sva,2026-09-19,2
7460,Phone extension 172 not ringing,Medium,ana,2026-09-20,0
7461,Printer offline on floor 173,High,jle,2026-09-21,0.5
7462,VPN drops for user 174,Low,mrt,2026-09-22,1
7463,Laptop request for desk 175,Medium,pko,2026-09-23,1.5
7464,Mailbox permissions for team 176,High,sva,2026-09-24,2
7465,Monitor flickers at desk 177,Low,ana,2026-09-25,0
7466,Password reset for contractor 178,Medium,jle,2026-09-26,0.5
7467,Badge reader error at door 179,High,mrt,2026-09-27,1
7468,Wi-Fi dead zone in room 180,Low,pko,2026-09-28,1.5
7469,Shared drive full on server 181,Medium,sva,2026-09-29,2
7470,Phone extension 182 not ringing,High,ana,2026-09-30,0
7471,Printer offline on floor 183,Low,jle,2026-10-01,0.5
7472,VPN drops for user 184,Medium,mrt,2026-10-02,1
7473,Laptop request for desk 185,High,pko,2026-10-03,1.5
7474,Mailbox permissions for team 186,Low,sva,2026-10-04,2
7475,Monitor flickers at desk 187,Medium,ana,2026-10-05,0
7476,Password reset for contractor 188,High,jle,2026-10-06,0.5
7477,Badge reader error at door 189,Low,mrt,2026-10-07,1
7478,Wi-Fi dead zone in room 190,Medium,pko,2026-10-08,1.5
7479,Shared drive full on server 191,High,sva,2026-10-09,2
7480,Phone extension 192 not ringing,Low,ana,2026-09-10,0
7481,Printer offline on floor 193,Medium,jle,2026-09-11,0.5
7482,VPN drops for user 194,High,mrt,2026-09-12,1
7483,Laptop request for desk 195,Low,pko,2026-09-13,1.5
7484,Mailbox permissions for team 196,Medium,sva,2026-09-14,2
7485,Monitor flickers at desk 100,High,ana,2026-09-15,0
7486,Password reset for contractor 101,Low,jle,2026-09-16,0.5
7487,Badge reader error at door 102,Medium,mrt,2026-09-17,1
7488,Wi-Fi dead zone in room 103,High,pko,2026-09-18,1.5
7489,Shared drive full on server 104,Low,sva,2026-09-19,2
7490,Phone extension 105 not ringing,Medium,ana,2026-09-20,0
7491,Printer offline on floor 106,High,jle,2026-09-21,0.5
7492,VPN drops for user 107,Low,mrt,2026-09-22,1
7493,Laptop request for desk 108,Medium,pko,2026-09-23,1.5
7494,Mailbox permissions for team 109,High,sva,2026-09-24,2
7495,Monitor flickers at desk 110,Low,ana,2026-09-25,0
7496,Password reset for contractor 111,Medium,jle,2026-09-26,0.5
7497,Badge reader error at door 112,High,mrt,2026-09-27,1
7498,Wi-Fi dead zone in room 113,Low,pko,2026-09-28,1.5
7499,Shared drive full on server 114,Medium,sva,2026-09-29,2
7500,Phone extension 115 not ringing,High,ana,2026-09-30,0
7501,Printer offline on floor 116,Low,jle,2026-10-01,0.5
7502,VPN drops for user 117,Medium,mrt,2026-10-02,1
7503,Laptop request for desk 118,High,pko,2026-10-03,1.5
7504,Mailbox permissions for team 119,Low,sva,2026-10-04,2
7505,Monitor flickers at desk 120,Medium,ana,2026-10-05,0
7506,Password reset for contractor 121,High,jle,2026-10-06,0.5
7507,Badge reader error at door 122,Low,mrt,2026-10-07,1
7508,Wi-Fi dead zone in room 123,Medium,pko,2026-10-08,1.5
7509,Shared drive full on server 124,High,sva,2026-10-09,2
7510,Phone extension 125 not ringing,Low,ana,2026-09-10,0
7511,Printer offline on floor 126,Medium,jle,2026-09-11,0.5
7512,VPN drops for user 127,High,mrt,2026-09-12,1
7513,Laptop request for desk 128,Low,pko,2026-09-13,1.5
7514,Mailbox permissions for team 129,Medium,sva,2026-09-14,2
7515,Monitor flickers at desk 130,High,ana,2026-09-15,0
7516,Password reset for contractor 131,Low,jle,2026-09-16,0.5
7517,Badge reader error at door 132,Medium,mrt,2026-09-17,1
7518,Wi-Fi dead zone in room 133,High,pko,2026-09-18,1.5
7519,Shared drive full on server 134,Low,sva,2026-09-19,2
7520,Phone extension 135 not ringing,Medium,ana,2026-09-20,0
7521,Printer offline on floor 136,High,jle,2026-09-21,0.5
7522,VPN drops for user 137,Low,mrt,2026-09-22,1
7523,Laptop request for desk 138,Medium,pko,2026-09-23,1.5
7524,Mailbox permissions for team 139,High,sva,2026-09-24,2
7525,Monitor flickers at desk 140,Low,ana,2026-09-25,0
7526,Password reset for contractor 141,Medium,jle,2026-09-26,0.5
7527,Badge reader error at door 142,High,mrt,2026-09-27,1
7528,Wi-Fi dead zone in room 143,Low,pko,2026-09-28,1.5
7529,Shared drive full on server 144,Medium,sva,2026-09-29,2
7530,Phone extension 145 not ringing,High,ana,2026-09-30,0
7531,Printer offline on floor 146,Low,jle,2026-10-01,0.5
7532,VPN drops for user 147,Medium,mrt,2026-10-02,1
7533,Laptop request for desk 148,High,pko,2026-10-03,1.5
7534,Mailbox permissions for team 149,Low,sva,2026-10-04,2
7535,Monitor flickers at desk 150,Medium,ana,2026-10-05,0
7536,Password reset for contractor 151,High,jle,2026-10-06,0.5
7537,Badge reader error at door 152,Low,mrt,2026-10-07,1
7538,Wi-Fi dead zone in room 153,Medium,pko,2026-10-08,1.5
7539,Shared drive full on server 154,High,sva,2026-10-09,2
7540,Phone extension 155 not ringing,Low,ana,2026-09-10,0
7541,Printer offline on floor 156,Medium,jle,2026-09-11,0.5
7542,VPN drops for user 157,High,mrt,2026-09-12,1
7543,Laptop request for desk 158,Low,pko,2026-09-13,1.5
7544,Mailbox permissions for team 159,Medium,sva,2026-09-14,2
7545,Monitor flickers at desk 160,High,ana,2026-09-15,0
7546,Password reset for contractor 161,Low,jle,2026-09-16,0.5
7547,Badge reader error at door 162,Medium,mrt,2026-09-17,1
7548,Wi-Fi dead zone in room 163,High,pko,2026-09-18,1.5
7549,Shared drive full on server 164,Low,sva,2026-09-19,2
7550,Phone extension 165 not ringing,Medium,ana,2026-09-20,0
7551,Printer offline on floor 166,High,jle,2026-09-21,0.5
7552,VPN drops for user 167,Low,mrt,2026-09-22,1
7553,Laptop request for desk 168,Medium,pko,2026-09-23,1.5
7554,Mailbox permissions for team 169,High,sva,2026-09-24,2
7555,Monitor flickers at desk 170,Low,ana,2026-09-25,0
7556,Password reset for contractor 171,Medium,jle,2026-09-26,0.5
7557,Badge reader error at door 172,High,mrt,2026-09-27,1
7558,Wi-Fi dead zone in room 173,Low,pko,2026-09-28,1.5
7559,Shared drive full on server 174,Medium,sva,2026-09-29,2
7560,Phone extension 175 not ringing,High,ana,2026-09-30,0
7561,Printer offline on floor 176,Low,jle,2026-10-01,0.5
7562,VPN drops for user 177,Medium,mrt,2026-10-02,1
7563,Laptop request for desk 178,High,pko,2026-10-03,1.5
7564,Mailbox permissions for team 179,Low,sva,2026-10-04,2
7565,Monitor flickers at desk 180,Medium,ana,2026-10-05,0
7566,Password reset for contractor 181,High,jle,2026-10-06,0.5
7567,Badge reader error at door 182,Low,mrt,2026-10-07,1
7568,Wi-Fi dead zone in room 183,Medium,pko,2026-10-08,1.5
7569,Shared drive full on server 184,High,sva,2026-10-09,2
7570,Phone extension 185 not ringing,Low,ana,2026-09-10,0
7571,Printer offline on floor 186,Medium,jle,2026-09-11,0.5
7572,VPN drops for user 187,High,mrt,2026-09-12,1
7573,Laptop request for desk 188,Low,pko,2026-09-13,1.5
7574,Mailbox permissions for team 189,Medium,sva,2026-09-14,2
7575,Monitor flickers at desk 190,High,ana,2026-09-15,0
7576,Password reset for contractor 191,Low,jle,2026-09-16,0.5
7577,Badge reader error at door 192,Medium,mrt,2026-09-17,1
7578,Wi-Fi dead zone in room 193,High,pko,2026-09-18,1.5
7579,Shared drive full on server 194,Low,sva,2026-09-19,2
7580,Phone extension 195 not ringing,Medium,ana,2026-09-20,0
7581,Printer offline on floor 196,High,jle,2026-09-21,0.5
7582,VPN drops for user 100,Low,mrt,2026-09-22,1
7583,Laptop request for desk 101,Medium,pko,2026-09-23,1.5
7584,Mailbox permissions for team 102,High,sva,2026-09-24,2
7585,Monitor flickers at desk 103,Low,ana,2026-09-25,0
7586,Password reset for contractor 104,Medium,jle,2026-09-26,0.5
7587,Badge reader error at door 105,High,mrt,2026-09-27,1
7588,Wi-Fi dead zone in room 106,Low,pko,2026-09-28,1.5
7589,Shared drive full on server 107,Medium,sva,2026-09-29,2
7590,Phone extension 108 not ringing,High,ana,2026-09-30,0
7591,Printer offline on floor 109,Low,jle,2026-10-01,0.5
7592,VPN drops for user 110,Medium,mrt,2026-10-02,1
7593,Laptop request for desk 111,High,pko,2026-10-03,1.5
7594,Mailbox permissions for team 112,Low,sva,2026-10-04,2
7595,Monitor flickers at desk 113,Medium,ana,2026-10-05,0
7596,Password reset for contractor 114,High,jle,2026-10-06,0.5
7597,Badge reader error at door 115,Low,mrt,2026-10-07,1
7598,Wi-Fi dead zone in room 116,Medium,pko,2026-10-08,1.5
7599,Shared drive full on server 117,High,sva,2026-10-09,2
7600,Phone extension 118 not ringing,Low,ana,2026-09-10,0
